"K","wss_etaPM","sil_kmeans","sil_pam_Dbar","gap","gap_SE"
1,0.0417002239536436,NA,NA,0.151535762610946,0.0385139358926072
2,0.0212710984543723,0.400432217898336,0.176855181914867,0.110703268714532,0.031862513009058
3,0.0156436331243762,0.31670080891364,0.172051666815471,0.11341857011668,0.0291990875797921
4,0.0120041631290043,0.340308329340094,0.14308453892935,0.117131911113715,0.0272793885056107
5,0.00902184848117333,0.347216645582833,0.129585069378986,0.131976410171672,0.0252753675997532
6,0.00728746749436537,0.345029547984248,0.112728428910609,0.166544834960775,0.0267778115132077
7,0.00641429704380049,0.338724709801924,0.118740661116787,0.15010647039952,0.0271201838855385
8,0.00560721832087553,0.338743457181296,0.122832698284089,0.164150405850971,0.0277386859121679
